[
  {
    "id": 1,
    "firstName": "alaa",
    "lastName": "mid",
    "gender": "Male",
    "phoneNumber": "0934552101",
    "email": "7alaaalmedane@gmail.com",
    "image": "http://localhost:3000/uploads/1729372652005.png",
    "token": "eyJhbGciOiJIUzI1NiIsInR5cCI6IkpXVCJ9.eyJ1c2VybmFtZSI6ImVmd2Z1d2hmaXdoZiIsImVtYWlsIjoiN2FsYWFhbG1lZGFuZUBnbWFpbC5jb20iLCJwaG9uZU51bWJlciI6IjA5MzQ1NTIxMDEiLCJpYXQiOjE3MjkzNzI2NTIsImV4cCI6MTcyOTM3NjI1Mn0.GjTTmxLSLt15BLm-YDupeTq6k-tRauIF0o9j7O1RdIk",
    "password": "$2a$09$UkywB4bJ4mVe/AJEhpiEreLMjJizEGTmoYbc0JcdfHKmD7w/7DFaW",
    "cv": "http://localhost:3000/uploads/1729372652008.pdf"
  }
]